"LISTING_ID","ADDRESS","UPDATE_DATE","LISTING_RK","RK","LISTING_STATUS","BEDROOMS","PRICE","MESSAGE_TIMESTAMP"
1640613,"417 Katy spur, Joshport, B1 9YL",2017-11-22,1,466,sold,2,280000.0,"2023-10-31T15:53:54.951Z"
1575862,"Flat 3, Nathan glens, New Arthurborough, CM23 1ZT",2018-01-08,3,463,for_sale,3,750000.0,"2023-11-01T08:19:51.101Z"
1575862,"Flat 3, Nathan glens, New Arthurborough, CM23 1ZT",2017-10-30,1,463,sale_under_offer,3,800000.0,"2023-10-31T15:01:19.061Z"
1575862,Flat 3,2018-05-02,2,463,for_sale,3,750000.0,"2023-11-01T10:36:35.526Z"
1567934,"Flat 97m, Lee forges, Aliceborough, OL63 9NS",2017-11-05,1,462,sold,3,575000.0,"2023-10-31T15:53:54.951Z"
1471484,"Studio 5, Amanda drive, New Derektown, E6S 0FF",2020-01-01,1,459,sold,2,450000.0,"2023-11-01T19:15:56.821Z"
1471484,"Studio 5, Amanda drive, New Derektown, E6S 0FF",2019-07-04,3,459,sold,2,450000.0,"2023-11-01T15:19:55.926Z"
1471484,Studio 5,2019-07-02,2,459,for_sale,2,450000.0,"2023-11-01T15:19:55.926Z"
1435885,"928 Osborne run, Lake Bernardbury, N1K 8UW",2017-11-07,1,458,sold,3,137950.0,"2023-10-31T15:53:54.951Z"
1435593,"Studio 66, Green pine, South Judith, RM9 2AR",2017-10-20,1,457,sold,3,235000.0,"2023-10-31T15:01:19.061Z"
1424781,"83 Houghton rest, East Victoria, SO3 1DN",2017-11-03,1,456,sold,3,215000.0,"2023-10-31T15:53:54.951Z"
1396413, Lake Lindsey,2019-10-01,4,451,sold,3,275000.0,"2023-11-01T16:57:21.964Z"
1396413,"3 Cole flats, Lake Lindsey, CF36 6ZQ",2019-04-09,1,451,for_sale,3,275000.0,"2023-11-01T14:12:46.200Z"
1396413,"3 Cole flats",2019-06-10,2,451,for_sale,3,275000.0,"2023-11-01T14:58:47.326Z"
1396413,"3 Cole flats, Lake Lindsey, CF36 6ZQ",2019-04-18,3,451,sold,3,275000.0,"2023-11-01T14:12:46.200Z"
1396413,"3 Cole flats, Lake Lindsey, CF36 6ZQ",2019-08-07,5,451,sold,3,275000.0,"2023-11-01T15:39:16.418Z"
1369882,Studio 81A,2017-11-01,2,448,for_sale,5,2000000.0,"2023-10-31T15:53:54.951Z"
1369882,"Studio 81A, Peter wells, Mohammedborough, S47 2SR",2020-03-05,1,448,sale_under_offer,5,2000000.0,"2023-11-01T22:13:55.526Z"
1369882,"Studio 81A, Peter wells, Mohammedborough, S47 2SR",2020-01-31,3,448,sale_under_offer,5,2000000.0,"2023-11-01T19:15:56.821Z"
1369670,"10 Joyce forge",2018-01-12,2,446,sale_under_offer,5,1575000.0,"2023-11-01T08:19:51.101Z"
1369670,"10 Joyce forge, Bethanmouth, N80 6EZ",2018-05-02,1,446,sale_under_offer,5,1575000.0,"2023-11-01T10:36:35.526Z"
1356217,"Flat 4, Albert fields, South Leefurt, S9U 0ET",2018-04-24,1,443,sold,1,175000.0,"2023-11-01T10:25:31.618Z"
1356217,"Flat 4, Albert fields, South Leefurt, S9U 0ET",2017-10-25,3,443,sold,1,175000.0,"2023-10-31T15:01:19.061Z"
1356217,Flat 4,2017-10-12,2,443,for_sale,1,175000.0,"2023-10-31T15:01:19.061Z"
1316910,"Flat 58, Jade ports, New Hayleyburgh, E5K 9NP",2020-09-16,3,440,sold,4,280000.0,"2023-11-02T10:23:54.537Z"
1316910,Flat 58,2020-12-18,2,440,sold,4,280000.0,"2023-11-02T13:20:55.039Z"
1316910,"Flat 58, Jade ports, New Hayleyburgh, E5K 9NP",2020-08-25,1,440,for_sale,4,280000.0,"2023-11-02T09:38:30.719Z"
1305167,"Flat 42, Lawrence knolls, Davisfurt, HX1A 9EY",2019-08-14,3,437,sold,4,595000.0,"2023-11-01T15:39:16.418Z"
1305167,"Flat 42, Lawrence knolls, Davisfurt, HX1A 9EY",2019-08-08,1,437,for_sale,4,595000.0,"2023-11-01T15:39:16.418Z"
1305167,Flat 42,2019-09-24,2,437,sold,4,595000.0,"2023-11-01T16:06:03.809Z"
1298254,"254 Wright meadows",2019-07-30,2,434,sold,2,360000.0,"2023-11-01T15:19:30.988Z"
1298254,"254 Wright meadows, Smithfurt, W2G 3AE",2019-07-02,1,434,for_sale,2,360000.0,"2023-11-01T15:19:55.926Z"
1298254,"254 Wright meadows, Smithfurt, W2G 3AE",2020-01-27,3,434,sold,2,360000.0,"2023-11-01T19:15:56.821Z"
1298134,"Studio 50P, Adams plain, Wardland, W8J 7FN",2018-05-31,3,431,sold,2,450000.0,"2023-11-01T10:36:35.526Z"
1298134,Studio 50P,2018-04-19,2,431,for_sale,2,450000.0,"2023-11-01T10:25:31.618Z"
1298134,"Studio 50P, Adams plain, Wardland, W8J 7FN",2018-08-23,1,431,sold,2,450000.0,"2023-11-01T11:15:57.092Z"
1094801,"Flat 45r, Vincent lock, West Rebecca, L42 3RF",2018-09-26,7,420,for_sale,4,400000.0,"2023-11-01T11:27:58.879Z"
1094801,Flat 45r,2018-10-03,2,420,for_sale,4,425000.0,"2023-11-01T09:05:28.536Z"
1094801,"Flat 45r, Vincent lock, West Rebecca, L42 3RF",2018-06-15,11,420,for_sale,4,450000.0,"2023-11-01T10:47:59.356Z"
1094801,"Flat 45r, Vincent lock, West Rebecca, L42 3RF",2020-03-04,1,420,sold,4,420000.0,"2023-11-01T22:13:55.526Z"
1094801, Vincent lock,2018-10-03,4,420,for_sale,4,425000.0,"2023-11-01T09:36:19.450Z"
1094801,"Flat 45r, Vincent lock, West Rebecca, L42 3RF",2018-06-28,3,420,for_sale,4,430000.0,"2023-11-01T10:47:59.356Z"
1094801,"Flat 45r, Vincent lock, West Rebecca, L42 3RF",2019-09-13,9,420,sold,4,420000.0,"2023-11-01T16:06:03.809Z"
1094801,"Flat 45r, Vincent lock, West Rebecca, L42 3RF",2018-07-24,10,420,for_sale,4,425000.0,"2023-11-01T10:55:39.648Z"
1094801,"Flat 45r, Vincent lock, West Rebecca, L42 3RF",2019-03-26,8,420,for_sale,4,425000.0,"2023-11-01T13:51:40.344Z"
1094801,"Flat 45r, Vincent lock, West Rebecca, L42 3RF",2019-08-14,5,420,for_sale,4,420000.0,"2023-11-01T15:39:16.418Z"
1094801,"Flat 45r, Vincent lock, West Rebecca, L42 3RF",2018-11-12,6,420,for_sale,4,425000.0,"2023-11-01T11:40:58.317Z"
1087890,"Studio 95X, Edwards overpass, New Pamela, SR66 5XG",2019-04-01,3,417,sale_under_offer,4,385000.0,"2023-11-01T14:12:46.200Z"
1087890,Studio 95X,2019-03-29,2,417,for_sale,4,385000.0,"2023-11-01T13:51:40.344Z"
1087890,"Studio 95X, Edwards overpass, New Pamela, SR66 5XG",2019-09-17,1,417,sale_under_offer,4,385000.0,"2023-11-01T16:06:03.809Z"
1072559,"85 Pearce course",2020-09-23,2,414,for_sale,2,137500.0,"2023-11-02T10:23:54.537Z"
1072559,"85 Pearce course, West Billyville, TS9M 4NR",2021-01-27,1,414,sold,2,137500.0,"2023-11-02T13:44:33.747Z"
1072559,"85 Pearce course, West Billyville, TS9M 4NR",2021-04-07,3,414,sold,2,137500.0,"2023-11-02T16:27:26.417Z"
1055162,"98 Moore track, Billyport, L0 3NU",2018-01-16,1,413,sold,3,220000.0,"2023-11-01T08:19:51.101Z"
1044493, Ruth trail,2020-09-25,4,408,sold,6,374995.0,"2023-11-02T10:23:54.537Z"
1044493,Flat 64y,2020-08-11,2,408,for_sale,6,374995.0,"2023-11-02T09:39:19.667Z"
1044493,"Flat 64y, Ruth trail, North Benmouth, L4 2AZ",2020-07-29,3,408,sold,6,374995.0,"2023-11-02T08:56:07.187Z"
1044493,"Flat 64y, Ruth trail, North Benmouth, L4 2AZ",2020-08-17,5,408,sold,6,374995.0,"2023-11-02T09:39:19.667Z"
1044493,"Flat 64y, Ruth trail, North Benmouth, L4 2AZ",2020-03-17,1,408,for_sale,6,374995.0,"2023-11-01T22:13:55.526Z"
1035596,"1 Robinson springs, Georginafort, S8B 1SP",2017-10-02,1,407,sold,4,699950.0,"2023-10-31T15:01:19.061Z"
946381,"542 Wright dale",2017-10-11,2,404,sold,4,340000.0,"2023-10-31T15:01:19.061Z"
946381,"542 Wright dale, Greenchester, L5T 4ZN",2017-10-10,1,404,sale_under_offer,4,340000.0,"2023-10-31T15:01:19.061Z"
946381,"542 Wright dale, Greenchester, L5T 4ZN",2017-12-12,3,404,sold,4,340000.0,"2023-10-31T17:48:17.183Z"
943492, Lake Kerry,2018-06-04,4,399,for_sale,2,375000.0,"2023-11-01T10:47:59.356Z"
943492,"7 Lauren mountains, Lake Kerry, L94 4JE",2018-08-25,3,399,sale_under_offer,2,375000.0,"2023-11-01T11:15:57.092Z"
943492,"7 Lauren mountains, Lake Kerry, L94 4JE",2018-12-08,1,399,for_sale,2,350000.0,"2023-11-01T11:50:53.979Z"
943492,"7 Lauren mountains",2019-02-01,2,399,for_sale,2,350000.0,"2023-11-01T13:36:00.807Z"
943492,"7 Lauren mountains, Lake Kerry, L94 4JE",2018-09-11,5,399,for_sale,2,375000.0,"2023-11-01T11:27:58.879Z"
936669,"19 Baker greens, Hawkinsburgh, SG4 1XJ",2017-10-24,3,395,for_sale,3,525000.0,"2023-10-31T15:01:19.061Z"
936669, Hawkinsburgh,2018-01-23,4,395,for_sale,3,499950.0,"2023-11-01T08:19:51.101Z"
936669,"19 Baker greens",2018-09-25,2,395,sold,3,499950.0,"2023-11-01T11:27:58.879Z"
936669,"19 Baker greens, Hawkinsburgh, SG4 1XJ",2018-03-28,1,395,sold,3,499950.0,"2023-11-01T10:02:41.897Z"
935406,"Flat 20, Tony summit, Kellystad, DH9 2YU",2022-01-11,3,392,sold,1,225000.0,"2023-11-03T09:59:58.983Z"
935406,"Flat 20, Tony summit, Kellystad, DH9 2YU",2021-07-15,1,392,sold,1,225000.0,"2023-11-02T23:10:06.647Z"
935406,Flat 20,2021-02-12,2,392,for_sale,1,225000.0,"2023-11-02T13:58:40.497Z"
928417, Smith loaf,2019-01-07,4,387,for_sale,3,40000.0,"2023-11-01T12:03:25.617Z"
928417,"Studio 93o, Smith loaf, Port Angelafort, EN90 0WB",2017-11-15,3,387,for_sale,3,40000.0,"2023-10-31T15:53:54.951Z"
928417,Studio 93o,2019-08-02,2,387,sold,3,40000.0,"2023-11-01T15:39:16.418Z"
928417,"Studio 93o, Smith loaf, Port Angelafort, EN90 0WB",2019-01-01,1,387,for_sale,3,40000.0,"2023-11-01T12:03:25.617Z"
928417,"Studio 93o, Smith loaf, Port Angelafort, EN90 0WB",2019-05-24,5,387,sale_under_offer,3,40000.0,"2023-11-01T14:23:30.204Z"
915095,"39 Begum spur, Port Claire, N3K 9XU",2018-03-19,1,386,sold,0,22000.0,"2023-11-01T10:02:41.897Z"
906600, Jeffreyland,2018-02-28,4,378,sale_under_offer,1,77000.0,"2023-11-01T09:51:57.900Z"
906600,"91 Rosie circles, Jeffreyland, M6 9GY",2018-04-30,6,378,sold,1,77000.0,"2023-11-01T10:25:31.618Z"
906600,"91 Rosie circles, Jeffreyland, M6 9GY",2020-11-14,1,378,for_sale,1,73500.0,"2023-11-02T11:40:23.079Z"
906600,"91 Rosie circles, Jeffreyland, M6 9GY",2018-03-10,3,378,sold,1,77000.0,"2023-11-01T10:02:41.897Z"
906600,"91 Rosie circles, Jeffreyland, M6 9GY",2020-07-05,5,378,sold,1,73500.0,"2023-11-02T08:56:07.187Z"
906600,"91 Rosie circles",2019-08-14,2,378,for_sale,1,73500.0,"2023-11-01T15:39:16.418Z"
906600,"91 Rosie circles, Jeffreyland, M6 9GY",2020-01-06,7,378,sold,1,73500.0,"2023-11-01T19:15:56.821Z"
906600,"91 Rosie circles, Jeffreyland, M6 9GY",2021-01-15,8,378,for_sale,1,73500.0,"2023-11-02T13:44:33.747Z"
906269,Flat 91k,2020-09-16,2,376,sold,2,229995.0,"2023-11-02T10:23:54.537Z"
906269,"Flat 91k, Edwards hollow, Amandabury, PL4V 5BX",2021-02-25,1,376,sold,2,229995.0,"2023-11-02T13:58:40.497Z"
906047,"Flat 68, Brown mews, Woodchester, G2G 9AF",2018-01-05,1,375,sold,2,179950.0,"2023-11-01T08:19:51.101Z"
903288,"46 Adrian isle, North Douglas, E91 4GH",2021-02-10,1,372,sold,3,389950.0,"2023-11-02T13:58:40.497Z"
903288,"46 Adrian isle, North Douglas, E91 4GH",2020-08-13,3,372,sold,3,389950.0,"2023-11-02T09:39:19.667Z"
903288,"46 Adrian isle",2020-06-17,2,372,for_sale,3,389950.0,"2023-11-02T08:30:54.569Z"
898769,"115 Sheila ways",2021-10-26,2,369,sold,2,270000.0,"2023-11-02T23:49:41.994Z"
898769,"115 Sheila ways, Sarahton, M5 2AJ",2020-11-05,1,369,for_sale,2,270000.0,"2023-11-02T11:40:23.079Z"
898769,"115 Sheila ways, Sarahton, M5 2AJ",2021-04-28,3,369,sold,2,270000.0,"2023-11-02T16:27:26.417Z"
893167,"Studio 65, Harriet loop, Fletchermouth, SE5A 1RP",2018-05-29,3,366,sold,2,585000.0,"2023-11-01T10:36:35.526Z"
893167,"Studio 65, Harriet loop, Fletchermouth, SE5A 1RP",2018-02-09,1,366,for_sale,2,575000.0,"2023-11-01T09:51:57.900Z"
893167,Studio 65,2018-02-14,2,366,sold,2,585000.0,"2023-11-01T09:51:57.900Z"
872854, Malcolm mountain,2018-08-14,4,361,sold,0,32500.0,"2023-11-01T11:15:57.092Z"
872854,"Flat 0, Malcolm mountain, Coleschester, G25 9FX",2018-07-09,3,361,for_sale,0,32500.0,"2023-11-01T10:55:39.648Z"
872854,"Flat 0, Malcolm mountain, Coleschester, G25 9FX",2018-10-19,5,361,sold,0,32500.0,"2023-11-01T09:05:28.536Z"
872854,"Flat 0, Malcolm mountain, Coleschester, G25 9FX",2018-10-19,1,361,sold,0,32500.0,"2023-11-01T09:36:19.450Z"
872854,Flat 0,2018-05-29,2,361,for_sale,0,35000.0,"2023-11-01T10:36:35.526Z"
861436,"11 Gilbert ridge, Lake Rachaelmouth, E0 0YH",2018-02-13,1,359,sold,4,385000.0,"2023-11-01T09:51:57.900Z"
861436,"11 Gilbert ridge",2018-03-28,2,359,sold,4,385000.0,"2023-11-01T10:02:41.897Z"
861156,"197 Amber stravenue, Deanport, S36 5FH",2017-10-23,3,356,sale_under_offer,1,150000.0,"2023-10-31T15:01:19.061Z"
861156,"197 Amber stravenue",2017-10-31,2,356,sale_under_offer,1,150000.0,"2023-10-31T15:01:19.061Z"
861156,"197 Amber stravenue, Deanport, S36 5FH",2017-10-10,1,356,for_sale,1,150000.0,"2023-10-31T15:01:19.061Z"
855536,"6 Antony corner",2018-03-23,2,353,sold,5,325000.0,"2023-11-01T10:02:41.897Z"
855536,"6 Antony corner, Byrnetown, SO8P 7QD",2018-01-18,3,353,for_sale,5,325000.0,"2023-11-01T08:19:51.101Z"
855536,"6 Antony corner, Byrnetown, SO8P 7QD",2018-01-25,1,353,sold,5,325000.0,"2023-11-01T08:19:51.101Z"
855406,"195 Ashleigh isle, Lake Leonardstad, EH6N 2XX",2021-03-10,1,349,sold,3,400000.0,"2023-11-02T16:07:48.271Z"
855406, Lake Leonardstad,2020-11-23,4,349,sold,3,400000.0,"2023-11-02T11:40:23.079Z"
855406,"195 Ashleigh isle",2020-11-05,2,349,for_sale,3,400000.0,"2023-11-02T11:40:23.079Z"
855406,"195 Ashleigh isle, Lake Leonardstad, EH6N 2XX",2020-11-19,3,349,sale_under_offer,3,400000.0,"2023-11-02T11:40:23.079Z"
851937,"Studio 7, Kerry locks, Danielleberg, CH1M 8AE",2020-11-20,1,337,sold,3,385000.0,"2023-11-02T11:40:23.079Z"
851937,"Studio 7, Kerry locks, Danielleberg, CH1M 8AE",2021-03-02,3,337,for_sale,3,385000.0,"2023-11-02T16:08:22.593Z"
851937, Kerry locks,2021-03-30,4,337,sold,3,385000.0,"2023-11-02T16:07:48.271Z"
851937,"Studio 7, Kerry locks, Danielleberg, CH1M 8AE",2021-06-01,8,337,sold,3,385000.0,"2023-11-02T17:47:41.282Z"
851937,"Studio 7, Kerry locks, Danielleberg, CH1M 8AE",2021-03-27,5,337,for_sale,3,385000.0,"2023-11-02T16:07:48.271Z"
851937,"Studio 7, Kerry locks, Danielleberg, CH1M 8AE",2021-03-04,7,337,sold,3,385000.0,"2023-11-02T16:08:22.593Z"
851937,"Studio 7, Kerry locks, Danielleberg, CH1M 8AE",2020-07-17,6,337,for_sale,3,385000.0,"2023-11-02T08:56:07.187Z"
851937,"Studio 7, Kerry locks, Danielleberg, CH1M 8AE",2020-09-14,11,337,sale_under_offer,3,385000.0,"2023-11-02T10:23:54.537Z"
851937,"Studio 7, Kerry locks, Danielleberg, CH1M 8AE",2020-10-26,12,337,for_sale,3,385000.0,"2023-11-02T11:04:49.066Z"
851937,"Studio 7, Kerry locks, Danielleberg, CH1M 8AE",2020-10-26,10,337,for_sale,3,385000.0,"2023-11-01T21:38:42.963Z"
851937,Studio 7,2020-11-10,2,337,sale_under_offer,3,385000.0,"2023-11-02T11:40:23.079Z"
851937,"Studio 7, Kerry locks, Danielleberg, CH1M 8AE",2020-09-15,9,337,sold,3,385000.0,"2023-11-02T10:23:54.537Z"
851851,"Flat 35, Brown grove, East Denise, G7 5HW",2018-07-02,3,333,sold,2,165000.0,"2023-11-01T10:55:39.648Z"
851851, Brown grove,2018-05-19,4,333,for_sale,2,165000.0,"2023-11-01T10:36:35.526Z"
851851,Flat 35,2018-10-26,2,333,sold,2,165000.0,"2023-11-01T09:05:28.536Z"
851851,"Flat 35, Brown grove, East Denise, G7 5HW",2018-10-26,1,333,sold,2,165000.0,"2023-11-01T09:36:19.450Z"
842554, Ann loaf,2019-06-21,4,328,for_sale,1,225000.0,"2023-11-01T14:58:47.326Z"
842554,"Studio 93Y, Ann loaf, West Patricia, DT57 5TG",2020-02-19,1,328,sold,1,205000.0,"2023-11-01T21:53:04.640Z"
842554,Studio 93Y,2020-01-03,2,328,for_sale,1,205000.0,"2023-11-01T19:15:56.821Z"
842554,"Studio 93Y, Ann loaf, West Patricia, DT57 5TG",2019-04-15,5,328,for_sale,1,250000.0,"2023-11-01T14:12:46.200Z"
842554,"Studio 93Y, Ann loaf, West Patricia, DT57 5TG",2020-11-30,3,328,sold,1,205000.0,"2023-11-02T11:40:23.079Z"
841620,"04 Christine stravenue, East Jonathanberg, W96 6YS",2021-01-29,1,325,sold,4,470000.0,"2023-11-02T13:44:33.747Z"
841620,"04 Christine stravenue, East Jonathanberg, W96 6YS",2020-09-16,3,325,for_sale,4,470000.0,"2023-11-02T10:23:54.537Z"
841620,"04 Christine stravenue",2021-03-10,2,325,sold,4,470000.0,"2023-11-02T16:08:22.593Z"
821437,"7 Cunningham lock, South Sophie, PA6X 3LB",2017-12-07,1,324,sold,2,1195000.0,"2023-10-31T17:48:17.183Z"
821001,"48 Baker parkways, Raymondton, OL1W 0TA",2020-01-14,3,318,for_sale,4,295000.0,"2023-11-01T19:15:56.821Z"
821001,"48 Baker parkways, Raymondton, OL1W 0TA",2020-02-04,1,318,sold,4,295000.0,"2023-11-01T21:53:04.640Z"
821001,"48 Baker parkways, Raymondton, OL1W 0TA",2020-12-19,5,318,sold,4,295000.0,"2023-11-02T13:20:55.039Z"
821001,"48 Baker parkways",2020-06-04,2,318,sold,4,295000.0,"2023-11-02T08:30:54.569Z"
821001, Raymondton,2020-05-02,4,318,sold,4,295000.0,"2023-11-02T07:41:01.038Z"
821001,"48 Baker parkways, Raymondton, OL1W 0TA",2020-02-03,6,318,sale_under_offer,4,295000.0,"2023-11-01T21:53:04.640Z"
808266,"334 Stacey springs, Georgefurt, HG06 3UZ",2021-06-11,1,315,sold,2,229950.0,"2023-11-02T17:47:41.282Z"
808266,"334 Stacey springs, Georgefurt, HG06 3UZ",2021-05-26,3,315,for_sale,2,229950.0,"2023-11-02T17:13:54.588Z"
808266,"334 Stacey springs",2021-10-12,2,315,sold,2,229950.0,"2023-11-02T23:49:41.994Z"
777720,"Flat 96y, Griffiths points, Abbiefurt, B9B 6TZ",2018-03-20,1,313,sold,0,18000.0,"2023-11-01T10:02:41.897Z"
777720,Flat 96y,2017-10-24,2,313,sold,0,18000.0,"2023-10-31T15:01:19.061Z"
741035, Robertsonville,2019-01-16,4,309,sold,2,115000.0,"2023-11-01T12:03:25.617Z"
741035,"737 Lewis path, Robertsonville, B3K 1DF",2018-12-29,3,309,for_sale,2,115000.0,"2023-11-01T11:50:53.979Z"
741035,"737 Lewis path",2018-11-02,2,309,for_sale,2,117000.0,"2023-11-01T11:40:58.317Z"
741035,"737 Lewis path, Robertsonville, B3K 1DF",2019-04-12,1,309,sold,2,115000.0,"2023-11-01T14:12:46.200Z"
740429,"Flat 57g, Deborah lights, Port Joel, W92 9ZE",2017-10-10,1,308,sold,2,210000.0,"2023-10-31T15:01:19.061Z"
719873,"Flat 9, Frost knolls, Kathleenchester, CT6 2PB",2019-05-14,3,305,for_sale,2,340000.0,"2023-11-01T14:23:30.204Z"
719873,"Flat 9, Frost knolls, Kathleenchester, CT6 2PB",2019-09-16,1,305,sold,2,340000.0,"2023-11-01T16:06:03.809Z"
719873,Flat 9,2019-07-09,2,305,sold,2,340000.0,"2023-11-01T15:19:55.926Z"
719737,"293 Thompson way, Lyndaport, M26 5TA",2018-01-31,6,299,for_sale,4,450000.0,"2023-11-01T08:19:51.101Z"
719737,"293 Thompson way, Lyndaport, M26 5TA",2017-11-10,5,299,for_sale,4,450000.0,"2023-10-31T15:53:54.951Z"
719737,"293 Thompson way",2018-11-13,2,299,for_sale,4,450000.0,"2023-11-01T11:40:58.317Z"
719737, Lyndaport,2021-01-26,4,299,sold,4,465000.0,"2023-11-02T13:44:33.747Z"
719737,"293 Thompson way, Lyndaport, M26 5TA",2020-11-09,1,299,for_sale,4,465000.0,"2023-11-02T11:40:23.079Z"
719737,"293 Thompson way, Lyndaport, M26 5TA",2021-03-10,3,299,sold,4,465000.0,"2023-11-02T16:08:22.593Z"
711681, Pamela trafficway,2018-05-14,4,295,sold,2,210000.0,"2023-11-01T10:36:35.526Z"
711681,"Studio 2, Pamela trafficway, West Chloe, NW90 4SE",2017-11-30,1,295,for_sale,2,210000.0,"2023-10-31T15:53:54.951Z"
711681,"Studio 2, Pamela trafficway, West Chloe, NW90 4SE",2018-01-16,3,295,sale_under_offer,2,210000.0,"2023-11-01T08:19:51.101Z"
711681,Studio 2,2018-01-22,2,295,sold,2,210000.0,"2023-11-01T08:19:51.101Z"
711389,"21 Simon light, Alexberg, OX79 3BZ",2018-10-17,1,291,for_sale,2,115000.0,"2023-11-01T09:05:28.536Z"
711389,"21 Simon light, Alexberg, OX79 3BZ",2019-03-13,3,291,sold,2,115000.0,"2023-11-01T13:51:40.344Z"
711389,"21 Simon light",2019-06-13,2,291,sold,2,115000.0,"2023-11-01T14:58:47.326Z"
711389, Alexberg,2018-10-17,4,291,for_sale,2,115000.0,"2023-11-01T09:36:19.450Z"
708765,"Studio 2, Benjamin throughway, Lake Lynn, IG06 7QL",2021-02-16,3,288,sold,2,350000.0,"2023-11-02T13:58:40.497Z"
708765,"Studio 2, Benjamin throughway, Lake Lynn, IG06 7QL",2020-08-10,1,288,for_sale,2,350000.0,"2023-11-02T09:38:30.719Z"
708765,Studio 2,2020-08-19,2,288,sold,2,350000.0,"2023-11-02T09:39:19.667Z"
706112,"Studio 34, Martin junctions, Robertsside, N6A 6EW",2018-05-22,1,286,sold,3,254950.0,"2023-11-01T10:36:35.526Z"
706112,Studio 34,2018-07-10,2,286,sold,3,254950.0,"2023-11-01T10:55:39.648Z"
703915,"6 Shaw ridges, Hillfort, E3 8UN",2020-03-09,5,281,for_sale,5,725000.0,"2023-11-01T22:13:55.526Z"
703915,"6 Shaw ridges, Hillfort, E3 8UN",2020-06-04,3,281,sold,5,645000.0,"2023-11-02T08:30:54.569Z"
703915, Hillfort,2020-11-20,4,281,sold,5,645000.0,"2023-11-02T11:40:23.079Z"
703915,"6 Shaw ridges, Hillfort, E3 8UN",2020-01-02,1,281,for_sale,5,765000.0,"2023-11-01T19:15:56.821Z"
703915,"6 Shaw ridges",2020-02-17,2,281,for_sale,5,725000.0,"2023-11-01T21:53:04.640Z"
703556,Flat 52S,2022-04-26,2,278,sale_under_offer,2,435000.0,"2023-11-03T11:07:51.532Z"
703556,"Flat 52S, Charles harbors, East Kyle, L4E 1HD",2021-10-22,3,278,for_sale,2,435000.0,"2023-11-02T23:49:41.994Z"
703556,"Flat 52S, Charles harbors, East Kyle, L4E 1HD",2021-10-27,1,278,sale_under_offer,2,435000.0,"2023-11-02T23:49:41.994Z"
634080,Flat 3,2020-09-30,2,275,sold,5,255000.0,"2023-11-02T10:23:54.537Z"
634080,"Flat 3, Chan parks, Parkesview, L2 5EZ",2020-07-22,1,275,sold,5,255000.0,"2023-11-02T08:56:07.187Z"
634080,"Flat 3, Chan parks, Parkesview, L2 5EZ",2020-06-30,3,275,for_sale,5,255000.0,"2023-11-02T08:30:54.569Z"
634073,Flat 7,2019-02-06,2,272,sold,3,207500.0,"2023-11-01T13:36:00.807Z"
634073,"Flat 7, Jasmine spur, Alberthaven, DA88 2TY",2019-01-15,3,272,for_sale,3,207500.0,"2023-11-01T12:03:25.617Z"
634073,"Flat 7, Jasmine spur, Alberthaven, DA88 2TY",2019-05-03,1,272,sold,3,207500.0,"2023-11-01T14:23:30.204Z"
564131,"6 Sullivan lake, Leslieside, E76 4BJ",2018-10-23,1,267,sold,2,625000.0,"2023-11-01T09:05:28.536Z"
564131, Leslieside,2018-03-19,4,267,sale_under_offer,2,625000.0,"2023-11-01T10:02:41.897Z"
564131,"6 Sullivan lake, Leslieside, E76 4BJ",2017-11-20,3,267,for_sale,2,625000.0,"2023-10-31T15:53:54.951Z"
564131,"6 Sullivan lake",2018-04-25,2,267,sold,2,625000.0,"2023-11-01T10:25:31.618Z"
564131,"6 Sullivan lake, Leslieside, E76 4BJ",2018-10-23,5,267,sold,2,625000.0,"2023-11-01T09:36:19.450Z"
563164,"7 Dorothy plains",2020-03-05,2,265,sale_under_offer,5,2000000.0,"2023-11-01T22:13:55.526Z"
563164,"7 Dorothy plains, Port Helen, S85 2HY",2020-02-21,1,265,for_sale,5,2000000.0,"2023-11-01T21:53:04.640Z"
560427,"0 Hill dam, Wrightburgh, AB2B 3QN",2018-12-03,3,262,sold,3,50000.0,"2023-11-01T11:50:53.979Z"
560427,"0 Hill dam",2018-07-30,2,262,sold,3,50000.0,"2023-11-01T10:55:39.648Z"
560427,"0 Hill dam, Wrightburgh, AB2B 3QN",2018-07-14,1,262,for_sale,3,50000.0,"2023-11-01T10:55:39.648Z"
560416,"4 Shaun wells, Crawfordshire, W1H 1JF",2018-09-05,1,259,sold,4,120000.0,"2023-11-01T11:27:58.879Z"
560416,"4 Shaun wells",2018-06-27,2,259,for_sale,4,120000.0,"2023-11-01T10:47:59.356Z"
560416,"4 Shaun wells, Crawfordshire, W1H 1JF",2018-07-13,3,259,sold,4,120000.0,"2023-11-01T10:55:39.648Z"
560414,"291 Field island",2019-01-02,2,256,for_sale,2,115000.0,"2023-11-01T12:03:25.617Z"
560414,"291 Field island, Ianfort, RH7 3TW",2019-02-08,1,256,sold,2,115000.0,"2023-11-01T13:36:00.807Z"
560414,"291 Field island, Ianfort, RH7 3TW",2019-04-12,3,256,sold,2,115000.0,"2023-11-01T14:12:46.200Z"
560407,"27 Adrian mountain, Curtisborough, PR9 8TT",2019-05-03,1,252,sold,2,155000.0,"2023-11-01T14:23:30.204Z"
560407,"27 Adrian mountain",2018-09-29,2,252,for_sale,2,159950.0,"2023-11-01T11:27:58.879Z"
560407, Curtisborough,2018-11-05,4,252,for_sale,2,155000.0,"2023-11-01T11:40:58.317Z"
560407,"27 Adrian mountain, Curtisborough, PR9 8TT",2019-03-05,3,252,sold,2,155000.0,"2023-11-01T13:51:40.344Z"
559588,Flat 0,2022-01-17,2,249,for_sale,3,295000.0,"2023-11-03T09:59:58.983Z"
559588,"Flat 0, Lloyd shoal, East Carolineshire, B7B 2GF",2022-09-18,3,249,sale_under_offer,3,295000.0,"2023-11-03T12:17:57.448Z"
559588,"Flat 0, Lloyd shoal, East Carolineshire, B7B 2GF",2022-03-21,1,249,sale_under_offer,3,295000.0,"2023-11-03T10:55:36.887Z"
557360,"Studio 75L, Ben valleys, West Clairemouth, WV34 2GS",2017-10-20,1,243,for_sale,1,227000.0,"2023-10-31T15:01:19.061Z"
557360,"Studio 75L, Ben valleys, West Clairemouth, WV34 2GS",2017-11-03,6,243,for_sale,1,215000.0,"2023-10-31T15:53:54.951Z"
557360, Ben valleys,2018-04-19,4,243,sold,1,215000.0,"2023-11-01T10:25:31.618Z"
557360,"Studio 75L, Ben valleys, West Clairemouth, WV34 2GS",2018-04-10,5,243,for_sale,1,215000.0,"2023-11-01T10:25:31.618Z"
557360,"Studio 75L, Ben valleys, West Clairemouth, WV34 2GS",2018-03-06,3,243,for_sale,1,215000.0,"2023-11-01T10:02:41.897Z"
557360,Studio 75L,2018-06-18,2,243,sold,1,215000.0,"2023-11-01T10:47:59.356Z"
555890,"89 Williams dale",2018-01-26,2,240,sold,1,110000.0,"2023-11-01T08:19:51.101Z"
555890,"89 Williams dale, North Carolebury, UB39 1PH",2018-05-01,1,240,sold,1,110000.0,"2023-11-01T10:36:35.526Z"
555890,"89 Williams dale, North Carolebury, UB39 1PH",2017-12-02,3,240,for_sale,2,110000.0,"2023-10-31T17:48:17.183Z"
550259,Studio 05P,2018-08-06,2,237,sold,4,230000.0,"2023-11-01T11:15:57.092Z"
550259,"Studio 05P, Hall locks, Lake Edwardview, DE1 5PE",2019-02-03,3,237,sold,4,230000.0,"2023-11-01T13:36:00.807Z"
550259,"Studio 05P, Hall locks, Lake Edwardview, DE1 5PE",2018-08-02,1,237,for_sale,4,230000.0,"2023-11-01T11:15:57.092Z"
543972,"32 Cooper dale",2018-08-17,2,235,sold,1,36000.0,"2023-11-01T11:15:57.092Z"
543972,"32 Cooper dale, Dalestad, M1B 8JS",2019-02-02,1,235,sold,1,36000.0,"2023-11-01T13:36:00.807Z"
540796,"Studio 65b, Joel coves, Port Kennethmouth, S02 6JF",2017-10-18,1,234,sold,3,185000.0,"2023-10-31T15:01:19.061Z"
539073,Flat 1,2018-07-24,2,229,for_sale,3,234950.0,"2023-11-01T10:55:39.648Z"
539073,"Flat 1, Joyce flat, Port Harriet, S8U 6FW",2019-05-28,3,229,sold,3,220000.0,"2023-11-01T14:23:30.204Z"
539073,"Flat 1, Joyce flat, Port Harriet, S8U 6FW",2019-10-31,1,229,sold,3,220000.0,"2023-11-01T16:57:21.964Z"
539073,"Flat 1, Joyce flat, Port Harriet, S8U 6FW",2019-05-08,5,229,for_sale,3,220000.0,"2023-11-01T14:23:30.204Z"
539073, Joyce flat,2019-05-04,4,229,for_sale,3,234950.0,"2023-11-01T14:23:30.204Z"
537246,"68 Geraldine manor, South Ronald, N53 0TR",2018-06-06,3,226,for_sale,4,330000.0,"2023-11-01T10:47:59.356Z"
537246,"68 Geraldine manor, South Ronald, N53 0TR",2018-12-26,1,226,sold,4,330000.0,"2023-11-01T11:50:53.979Z"
537246,"68 Geraldine manor",2018-06-28,2,226,sold,4,330000.0,"2023-11-01T10:47:59.356Z"
535730,"Studio 10, Margaret wells, East Sophieshire, BS3 6BG",2017-12-06,1,225,sold,3,250000.0,"2023-10-31T17:48:17.183Z"
535351,"0 Fox heights, North Russellberg, N3 3AY",2018-03-12,1,224,sold,2,309950.0,"2023-11-01T10:02:41.897Z"
533574,"7 Diane springs, Daviesburgh, N9S 2QR",2017-11-10,1,223,sold,2,375000.0,"2023-10-31T15:53:54.951Z"
533452,"195 Jones knolls, Wilkinsontown, OL9R 7ET",2018-07-18,6,216,for_sale,3,239950.0,"2023-11-01T10:55:39.648Z"
533452,"195 Jones knolls, Wilkinsontown, OL9R 7ET",2019-01-22,3,216,for_sale,3,225000.0,"2023-11-01T12:03:25.617Z"
533452,"195 Jones knolls, Wilkinsontown, OL9R 7ET",2018-09-24,5,216,for_sale,3,234950.0,"2023-11-01T11:27:58.879Z"
533452, Wilkinsontown,2019-12-18,4,216,for_sale,3,219950.0,"2023-11-01T18:28:56.956Z"
533452,"195 Jones knolls",2019-08-29,2,216,for_sale,3,219950.0,"2023-11-01T15:39:16.418Z"
533452,"195 Jones knolls, Wilkinsontown, OL9R 7ET",2019-08-16,1,216,for_sale,3,225000.0,"2023-11-01T15:39:16.418Z"
533452,"195 Jones knolls, Wilkinsontown, OL9R 7ET",2019-05-30,7,216,sold,3,225000.0,"2023-11-01T14:23:30.204Z"
533198,"Studio 5, Leon glen, Lake Louistown, ZE08 3GH",2022-02-07,3,213,sold,3,515000.0,"2023-11-03T10:40:39.527Z"
533198,Studio 5,2021-08-10,2,213,sold,3,515000.0,"2023-11-02T23:21:09.679Z"
533198,"Studio 5, Leon glen, Lake Louistown, ZE08 3GH",2021-07-20,1,213,for_sale,3,515000.0,"2023-11-02T23:10:06.647Z"
533159,"Studio 5, Anne forest, Lake Kennethfurt, TR1 5LR",2019-09-25,1,207,for_sale,3,425000.0,"2023-11-01T16:06:03.809Z"
533159,"Studio 5, Anne forest, Lake Kennethfurt, TR1 5LR",2022-03-15,5,207,sold,3,435000.0,"2023-11-03T10:55:36.887Z"
533159,Studio 5,2022-04-26,2,207,sold,3,435000.0,"2023-11-03T11:07:51.532Z"
533159,"Studio 5, Anne forest, Lake Kennethfurt, TR1 5LR",2022-01-04,6,207,for_sale,3,440000.0,"2023-11-03T09:59:58.983Z"
533159, Anne forest,2020-06-13,4,207,for_sale,3,425000.0,"2023-11-02T08:30:54.569Z"
533159,"Studio 5, Anne forest, Lake Kennethfurt, TR1 5LR",2022-02-17,3,207,for_sale,3,435000.0,"2023-11-03T10:40:39.527Z"
532931, Woodward cape,2017-11-07,4,203,for_sale,4,390000.0,"2023-10-31T15:53:54.951Z"
532931,"Studio 1, Woodward cape, Elizabethton, HD9A 4XP",2017-10-18,3,203,for_sale,4,400000.0,"2023-10-31T15:01:19.061Z"
532931,Studio 1,2018-01-31,2,203,sold,4,390000.0,"2023-11-01T08:19:51.101Z"
532931,"Studio 1, Woodward cape, Elizabethton, HD9A 4XP",2017-11-27,1,203,sold,4,390000.0,"2023-10-31T15:53:54.951Z"
532924,"321 Francis ways",2018-04-19,2,200,sold,4,340000.0,"2023-11-01T10:25:31.618Z"
532924,"321 Francis ways, North Kirstybury, CW42 5PN",2018-07-31,3,200,sold,4,340000.0,"2023-11-01T10:55:39.648Z"
532924,"321 Francis ways, North Kirstybury, CW42 5PN",2018-02-09,1,200,for_sale,4,340000.0,"2023-11-01T09:51:57.900Z"
532877,"Flat 43, Morley vista, North Norman, DD5 4NA",2018-05-25,1,197,for_sale,2,180000.0,"2023-11-01T10:36:35.526Z"
532877,Flat 43,2018-08-14,2,197,sold,2,180000.0,"2023-11-01T11:15:57.092Z"
532877,"Flat 43, Morley vista, North Norman, DD5 4NA",2018-06-06,3,197,sold,2,180000.0,"2023-11-01T10:47:59.356Z"
532862,"0 Stuart forest, South Joeborough, E90 6LP",2018-07-12,1,194,sold,3,195000.0,"2023-11-01T10:55:39.648Z"
532862,"0 Stuart forest, South Joeborough, E90 6LP",2018-07-04,3,194,for_sale,3,195000.0,"2023-11-01T10:55:39.648Z"
532862,"0 Stuart forest",2018-09-14,2,194,sold,3,195000.0,"2023-11-01T11:27:58.879Z"
532745,"Flat 03, Jordan pine, Port Bradley, JE3 0WA",2022-01-21,1,188,sold,2,285000.0,"2023-11-03T09:59:58.983Z"
532745,"Flat 03, Jordan pine, Port Bradley, JE3 0WA",2021-12-21,3,188,for_sale,2,285000.0,"2023-11-03T09:35:00.605Z"
532745, Jordan pine,2022-02-15,4,188,for_sale,2,297500.0,"2023-11-03T10:40:39.527Z"
532745,"Flat 03, Jordan pine, Port Bradley, JE3 0WA",2022-03-29,6,188,sold,2,297500.0,"2023-11-03T10:55:36.887Z"
532745,"Flat 03, Jordan pine, Port Bradley, JE3 0WA",2022-02-11,5,188,for_sale,2,285000.0,"2023-11-03T10:40:39.527Z"
532745,Flat 03,2022-03-10,2,188,sold,2,297500.0,"2023-11-03T10:55:36.887Z"
532729,"91 Rachel pine, Denniston, L94 2NH",2021-09-28,3,185,sold,2,270000.0,"2023-11-02T23:35:31.439Z"
532729,"91 Rachel pine",2021-08-12,2,185,sold,2,270000.0,"2023-11-02T23:21:09.679Z"
532729,"91 Rachel pine, Denniston, L94 2NH",2021-08-05,1,185,for_sale,2,270000.0,"2023-11-02T23:21:09.679Z"
526058, Bowen crossing,2020-11-05,4,180,sale_under_offer,2,375000.0,"2023-11-02T11:40:23.079Z"
526058,"Flat 75, Bowen crossing, North Sean, PA1 0GT",2020-11-07,3,180,sold,2,375000.0,"2023-11-02T11:40:23.079Z"
526058,"Flat 75, Bowen crossing, North Sean, PA1 0GT",2020-10-26,1,180,for_sale,2,375000.0,"2023-11-01T21:38:42.963Z"
526058,"Flat 75, Bowen crossing, North Sean, PA1 0GT",2021-03-10,5,180,sold,2,375000.0,"2023-11-02T16:07:48.271Z"
526058,Flat 75,2020-10-26,2,180,for_sale,2,375000.0,"2023-11-02T11:04:49.066Z"
526042,"8 Jasmine inlet",2020-09-17,2,177,sold,5,497500.0,"2023-11-02T10:23:54.537Z"
526042,"8 Jasmine inlet, Fishermouth, W4 5QT",2020-09-16,1,177,sale_under_offer,5,497500.0,"2023-11-02T10:23:54.537Z"
526042,"8 Jasmine inlet, Fishermouth, W4 5QT",2020-12-19,3,177,sold,5,497500.0,"2023-11-02T13:20:55.039Z"
523147, Clarkeville,2018-07-05,4,172,for_sale,1,125000.0,"2023-11-01T10:55:39.648Z"
523147,"58 Molly junction, Clarkeville, BD0 3UT",2019-11-11,5,172,for_sale,1,125000.0,"2023-11-01T17:37:34.255Z"
523147,"58 Molly junction, Clarkeville, BD0 3UT",2019-03-14,1,172,for_sale,1,125000.0,"2023-11-01T13:51:40.344Z"
523147,"58 Molly junction",2018-03-28,2,172,sold,1,125000.0,"2023-11-01T10:02:41.897Z"
523147,"58 Molly junction, Clarkeville, BD0 3UT",2018-09-12,3,172,sold,1,125000.0,"2023-11-01T11:27:58.879Z"
523069,Flat 54,2019-08-28,2,169,for_sale,1,129995.0,"2023-11-01T15:39:16.418Z"
523069,"Flat 54, Myers hollow, South Jessica, NW2X 7SZ",2020-05-12,3,169,sold,1,129995.0,"2023-11-02T07:41:01.038Z"
523069,"Flat 54, Myers hollow, South Jessica, NW2X 7SZ",2019-12-12,1,169,sold,1,129995.0,"2023-11-01T18:28:56.956Z"
523042,"439 Wendy island, Port Samuelport, BA73 8HH",2019-06-21,3,166,sold,1,125000.0,"2023-11-01T14:58:47.326Z"
523042,"439 Wendy island, Port Samuelport, BA73 8HH",2019-03-06,1,166,for_sale,1,125000.0,"2023-11-01T13:51:40.344Z"
523042,"439 Wendy island",2019-04-25,2,166,sold,1,125000.0,"2023-11-01T14:12:46.200Z"
523041,Studio 1,2018-12-13,2,159,sold,4,325000.0,"2023-11-01T11:50:53.979Z"
523041,"Studio 1, Graeme ridges, Carlyside, CB27 0EX",2018-10-12,6,159,sale_under_offer,4,325000.0,"2023-11-01T09:05:28.536Z"
523041,"Studio 1, Graeme ridges, Carlyside, CB27 0EX",2018-10-15,5,159,sold,4,325000.0,"2023-11-01T09:05:28.536Z"
523041,"Studio 1, Graeme ridges, Carlyside, CB27 0EX",2018-10-10,7,159,for_sale,4,325000.0,"2023-11-01T09:05:28.536Z"
523041,"Studio 1, Graeme ridges, Carlyside, CB27 0EX",2018-10-10,1,159,for_sale,4,325000.0,"2023-11-01T09:36:19.450Z"
523041,"Studio 1, Graeme ridges, Carlyside, CB27 0EX",2018-10-15,3,159,sold,4,325000.0,"2023-11-01T09:36:19.450Z"
523041, Graeme ridges,2018-10-12,4,159,sale_under_offer,4,325000.0,"2023-11-01T09:36:19.450Z"
523007,"524 Kieran meadow, Paigehaven, S3D 9UD",2020-03-17,3,155,sale_under_offer,3,275000.0,"2023-11-01T22:13:55.526Z"
523007, Paigehaven,2020-03-18,4,155,sold,3,275000.0,"2023-11-01T22:13:55.526Z"
523007,"524 Kieran meadow",2020-06-01,2,155,sold,3,275000.0,"2023-11-02T08:30:54.569Z"
523007,"524 Kieran meadow, Paigehaven, S3D 9UD",2020-03-05,1,155,for_sale,3,275000.0,"2023-11-01T22:13:55.526Z"
522994,"Studio 74, Bethan keys, Lake Ruth, L56 5YE",2019-05-01,3,150,sold,2,185000.0,"2023-11-01T14:23:30.204Z"
522994, Bethan keys,2018-10-05,4,150,for_sale,2,185000.0,"2023-11-01T09:05:28.536Z"
522994,Studio 74,2018-10-05,2,150,for_sale,2,185000.0,"2023-11-01T09:36:19.450Z"
522994,"Studio 74, Bethan keys, Lake Ruth, L56 5YE",2019-01-30,5,150,sold,2,185000.0,"2023-11-01T12:03:25.617Z"
522994,"Studio 74, Bethan keys, Lake Ruth, L56 5YE",2019-01-17,1,150,sale_under_offer,2,185000.0,"2023-11-01T12:03:25.617Z"
522993,"81 Mandy lake, Warrenside, ST2H 3QF",2017-11-22,1,149,sold,4,299500.0,"2023-10-31T15:53:54.951Z"
522939,"Studio 14, Lawrence springs, Hollieshire, CV16 3BB",2017-12-06,1,148,sold,2,239995.0,"2023-10-31T17:48:17.183Z"
522932, Jeremyshire,2018-09-10,4,137,for_sale,2,190000.0,"2023-11-01T11:27:58.879Z"
522932,"50 Saunders island, Jeremyshire, PR6B 6UY",2018-05-02,8,137,sold,2,195000.0,"2023-11-01T10:36:35.526Z"
522932,"50 Saunders island, Jeremyshire, PR6B 6UY",2019-01-15,1,137,for_sale,2,180000.0,"2023-11-01T12:03:25.617Z"
522932,"50 Saunders island, Jeremyshire, PR6B 6UY",2017-10-31,7,137,sold,2,179995.0,"2023-10-31T15:01:19.061Z"
522932,"50 Saunders island, Jeremyshire, PR6B 6UY",2018-04-27,11,137,sale_under_offer,2,195000.0,"2023-11-01T10:25:31.618Z"
522932,"50 Saunders island, Jeremyshire, PR6B 6UY",2019-01-22,9,137,for_sale,2,170000.0,"2023-11-01T12:03:25.617Z"
522932,"50 Saunders island, Jeremyshire, PR6B 6UY",2018-04-11,3,137,for_sale,2,195000.0,"2023-11-01T10:25:31.618Z"
522932,"50 Saunders island, Jeremyshire, PR6B 6UY",2018-09-26,5,137,for_sale,2,190000.0,"2023-11-01T11:27:58.879Z"
522932,"50 Saunders island, Jeremyshire, PR6B 6UY",2018-08-01,6,137,for_sale,2,195000.0,"2023-11-01T11:15:57.092Z"
522932,"50 Saunders island",2019-05-20,2,137,sold,2,170000.0,"2023-11-01T14:23:30.204Z"
522932,"50 Saunders island, Jeremyshire, PR6B 6UY",2019-02-22,10,137,sold,2,170000.0,"2023-11-01T13:36:00.807Z"
522908,"035 Joe causeway, North Steven, TW7 0AG",2018-01-16,1,136,sold,4,400000.0,"2023-11-01T08:19:51.101Z"
522894,"9 Lee walks, North Susan, NW52 3JQ",2017-12-06,1,135,sold,3,325000.0,"2023-10-31T17:48:17.183Z"
522892,"38 Rogers brooks, North Alison, M23 4EX",2020-10-09,3,125,sold,3,300000.0,"2023-11-02T11:04:49.066Z"
522892,"38 Rogers brooks, North Alison, M23 4EX",2021-02-18,9,125,sold,3,300000.0,"2023-11-02T13:58:40.497Z"
522892,"38 Rogers brooks, North Alison, M23 4EX",2020-10-09,6,125,sold,3,300000.0,"2023-11-01T21:38:42.963Z"
522892, North Alison,2019-01-10,4,125,for_sale,3,290000.0,"2023-11-01T12:03:25.617Z"
522892,"38 Rogers brooks, North Alison, M23 4EX",2019-02-16,7,125,sale_under_offer,3,290000.0,"2023-11-01T13:36:00.807Z"
522892,"38 Rogers brooks, North Alison, M23 4EX",2018-12-22,8,125,for_sale,3,300000.0,"2023-11-01T11:50:53.979Z"
522892,"38 Rogers brooks, North Alison, M23 4EX",2020-09-29,1,125,for_sale,3,300000.0,"2023-11-02T10:23:54.537Z"
522892,"38 Rogers brooks, North Alison, M23 4EX",2019-02-21,5,125,sold,3,290000.0,"2023-11-01T13:36:00.807Z"
522892,"38 Rogers brooks, North Alison, M23 4EX",2019-02-18,10,125,sold,3,290000.0,"2023-11-01T13:36:00.807Z"
522892,"38 Rogers brooks",2020-09-18,2,125,sold,3,300000.0,"2023-11-02T10:23:54.537Z"
522854,"5 Mathew crescent, Port Williambury, TQ4 6PP",2020-06-01,1,111,for_sale,4,309995.0,"2023-11-02T08:30:54.569Z"
522854,"5 Mathew crescent, Port Williambury, TQ4 6PP",2020-09-18,5,111,sold,4,309995.0,"2023-11-02T10:23:54.537Z"
522854,"5 Mathew crescent, Port Williambury, TQ4 6PP",2020-03-17,14,111,for_sale,4,309995.0,"2023-11-01T22:13:55.526Z"
522854,"5 Mathew crescent, Port Williambury, TQ4 6PP",2020-10-19,3,111,for_sale,4,309995.0,"2023-11-02T11:04:03.605Z"
522854,"5 Mathew crescent, Port Williambury, TQ4 6PP",2020-10-19,6,111,for_sale,4,309995.0,"2023-11-01T21:38:19.042Z"
522854,"5 Mathew crescent, Port Williambury, TQ4 6PP",2020-12-22,8,111,sold,4,309995.0,"2023-11-02T13:20:55.039Z"
522854,"5 Mathew crescent, Port Williambury, TQ4 6PP",2020-10-27,12,111,sold,4,309995.0,"2023-11-02T11:04:49.066Z"
522854,"5 Mathew crescent, Port Williambury, TQ4 6PP",2020-10-23,7,111,sale_under_offer,4,309995.0,"2023-11-02T11:04:49.066Z"
522854,"5 Mathew crescent, Port Williambury, TQ4 6PP",2020-11-03,11,111,for_sale,4,309995.0,"2023-11-02T11:40:23.079Z"
522854,"5 Mathew crescent, Port Williambury, TQ4 6PP",2021-03-10,10,111,sold,4,309995.0,"2023-11-02T16:08:22.593Z"
522854,"5 Mathew crescent, Port Williambury, TQ4 6PP",2020-11-28,13,111,for_sale,4,309995.0,"2023-11-02T11:40:23.079Z"
522854,"5 Mathew crescent",2020-10-23,2,111,sale_under_offer,4,309995.0,"2023-11-01T21:38:42.963Z"
522854, Port Williambury,2020-10-27,4,111,sold,4,309995.0,"2023-11-01T21:38:42.963Z"
522854,"5 Mathew crescent, Port Williambury, TQ4 6PP",2020-11-11,9,111,sold,4,309995.0,"2023-11-02T11:40:23.079Z"
519616,"Flat 37, Cooper club, Lake Gailburgh, N7 3YT",2017-10-19,1,110,sale_under_offer,2,335000.0,"2023-10-31T15:01:19.061Z"
518526,"324 Nicola walk",2017-12-29,2,106,for_sale,2,109000.0,"2023-10-31T17:48:17.183Z"
518526, Littlefort,2018-08-06,4,106,sold,2,119950.0,"2023-11-01T11:15:57.092Z"
518526,"324 Nicola walk, Littlefort, L7 5BE",2018-05-04,3,106,sold,2,119950.0,"2023-11-01T10:36:35.526Z"
518526,"324 Nicola walk, Littlefort, L7 5BE",2018-03-29,1,106,for_sale,2,119950.0,"2023-11-01T10:02:41.897Z"
518223, South Rogerfurt,2017-10-23,4,102,sale_under_offer,2,164995.0,"2023-10-31T15:01:19.061Z"
518223,"549 Callum port",2018-03-16,2,102,sold,2,164995.0,"2023-11-01T10:02:41.897Z"
518223,"549 Callum port, South Rogerfurt, S9 2YD",2017-10-04,3,102,for_sale,2,164995.0,"2023-10-31T15:01:19.061Z"
518223,"549 Callum port, South Rogerfurt, S9 2YD",2017-10-24,1,102,sold,2,164995.0,"2023-10-31T15:01:19.061Z"
517908, New Donald,2018-01-10,4,96,sold,2,95000.0,"2023-11-01T08:19:51.101Z"
517908,"077 Mitchell club, New Donald, E2D 5NE",2017-11-06,3,96,for_sale,2,95000.0,"2023-10-31T15:53:54.951Z"
517908,"077 Mitchell club",2018-02-21,2,96,for_sale,2,95000.0,"2023-11-01T09:51:57.900Z"
517908,"077 Mitchell club, New Donald, E2D 5NE",2018-07-19,1,96,sold,2,95000.0,"2023-11-01T10:55:39.648Z"
517908,"077 Mitchell club, New Donald, E2D 5NE",2017-10-10,5,96,for_sale,2,97500.0,"2023-10-31T15:01:19.061Z"
517908,"077 Mitchell club, New Donald, E2D 5NE",2018-02-28,6,96,sold,2,95000.0,"2023-11-01T09:51:57.900Z"
517827,"Flat 17, Lynne knoll, Thorpetown, DL0 8FH",2020-10-16,1,92,for_sale,2,110000.0,"2023-11-02T11:04:49.066Z"
517827,Flat 17,2020-10-16,2,92,for_sale,2,110000.0,"2023-11-01T21:38:42.963Z"
517827,"Flat 17, Lynne knoll, Thorpetown, DL0 8FH",2020-11-03,3,92,sold,2,110000.0,"2023-11-02T11:40:23.079Z"
517827, Lynne knoll,2021-01-19,4,92,sold,2,110000.0,"2023-11-02T13:44:33.747Z"
515813,"Studio 0, Bruce bypass, Parrychester, L3 7QR",2017-12-11,1,91,sale_under_offer,3,750000.0,"2023-10-31T17:48:17.183Z"
515809,Studio 8,2019-05-21,2,89,sale_under_offer,5,2450000.0,"2023-11-01T14:23:30.204Z"
515809,"Studio 8, Malcolm parkways, West Derektown, SS9W 1ZH",2019-06-14,1,89,sale_under_offer,5,2450000.0,"2023-11-01T14:58:47.326Z"
513850,Flat 80q,2019-09-20,2,86,sold,4,450000.0,"2023-11-01T16:06:03.809Z"
513850,"Flat 80q, Lawrence glens, Carterstad, SR2N 2FT",2019-08-07,1,86,sold,4,450000.0,"2023-11-01T15:39:16.418Z"
513850,"Flat 80q, Lawrence glens, Carterstad, SR2N 2FT",2019-04-19,3,86,for_sale,4,450000.0,"2023-11-01T14:12:46.200Z"
513836,Studio 31,2017-10-30,2,84,sold,4,299995.0,"2023-10-31T15:01:19.061Z"
513836,"Studio 31, Margaret keys, Port Alice, MK86 9UA",2017-12-06,1,84,sold,4,299995.0,"2023-10-31T17:48:17.183Z"
513418,"1 Patel knolls",2018-08-15,2,81,sold,4,495000.0,"2023-11-01T11:15:57.092Z"
513418,"1 Patel knolls, Port Martin, B91 6HW",2018-06-14,3,81,sold,4,495000.0,"2023-11-01T10:47:59.356Z"
513418,"1 Patel knolls, Port Martin, B91 6HW",2018-04-16,1,81,for_sale,4,495000.0,"2023-11-01T10:25:31.618Z"
513406,"9 Kim mission, Cooperton, N22 6QJ",2017-12-18,3,77,sold,2,225000.0,"2023-10-31T17:48:17.183Z"
513406,"9 Kim mission",2017-11-20,2,77,for_sale,2,225000.0,"2023-10-31T15:53:54.951Z"
513406,"9 Kim mission, Cooperton, N22 6QJ",2017-10-06,1,77,for_sale,2,230000.0,"2023-10-31T15:01:19.061Z"
513406, Cooperton,2018-03-26,4,77,sold,2,225000.0,"2023-11-01T10:02:41.897Z"
511606,"Flat 47, Jones meadow, West Sharonbury, S2T 5BX",2017-11-02,1,76,sold,2,400000.0,"2023-10-31T15:53:54.951Z"
511579,"3 Finch spring, Lake Kerry, DL9 3UJ",2018-02-02,3,73,for_sale,3,425000.0,"2023-11-01T09:51:57.900Z"
511579,"3 Finch spring",2018-05-17,2,73,sold,3,451000.0,"2023-11-01T10:36:35.526Z"
511579,"3 Finch spring, Lake Kerry, DL9 3UJ",2018-02-09,1,73,sold,3,451000.0,"2023-11-01T09:51:57.900Z"
510895,"55 Dawson tunnel, New Tom, L3B 1FS",2018-08-30,3,66,sale_under_offer,2,300000.0,"2023-11-01T11:15:57.092Z"
510895,"55 Dawson tunnel",2018-12-03,2,66,sold,2,300000.0,"2023-11-01T11:50:53.979Z"
510895,"55 Dawson tunnel, New Tom, L3B 1FS",2018-04-23,5,66,for_sale,2,350000.0,"2023-11-01T10:25:31.618Z"
510895,"55 Dawson tunnel, New Tom, L3B 1FS",2018-07-20,6,66,for_sale,2,300000.0,"2023-11-01T10:55:39.648Z"
510895,"55 Dawson tunnel, New Tom, L3B 1FS",2018-03-27,7,66,for_sale,2,375000.0,"2023-11-01T10:02:41.897Z"
510895,"55 Dawson tunnel, New Tom, L3B 1FS",2018-05-14,1,66,for_sale,2,340000.0,"2023-11-01T10:36:35.526Z"
510895, New Tom,2018-09-05,4,66,sold,2,300000.0,"2023-11-01T11:27:58.879Z"
504899,"Studio 12l, Pamela skyway, Milesfurt, E3A 1HE",2021-10-26,6,59,sale_under_offer,2,435000.0,"2023-11-02T23:49:41.994Z"
504899,"Studio 12l, Pamela skyway, Milesfurt, E3A 1HE",2021-08-16,3,59,sale_under_offer,2,435000.0,"2023-11-02T23:21:09.679Z"
504899,"Studio 12l, Pamela skyway, Milesfurt, E3A 1HE",2021-10-12,5,59,for_sale,2,435000.0,"2023-11-02T23:49:41.994Z"
504899,"Studio 12l, Pamela skyway, Milesfurt, E3A 1HE",2021-10-27,7,59,sold,2,435000.0,"2023-11-02T23:49:41.994Z"
504899, Pamela skyway,2022-04-25,4,59,sold,2,435000.0,"2023-11-03T11:07:51.532Z"
504899,Studio 12l,2021-04-21,2,59,for_sale,2,435000.0,"2023-11-02T16:27:26.417Z"
504899,"Studio 12l, Pamela skyway, Milesfurt, E3A 1HE",2021-03-16,1,59,sale_under_offer,2,435000.0,"2023-11-02T16:08:22.593Z"
504898,"Flat 51, McDonald knoll, Bentleyview, W54 1LS",2018-11-27,1,54,sale_under_offer,4,700000.0,"2023-11-01T11:40:58.317Z"
504898,"Flat 51, McDonald knoll, Bentleyview, W54 1LS",2018-03-20,5,54,for_sale,4,700000.0,"2023-11-01T10:02:41.897Z"
504898, McDonald knoll,2017-10-21,4,54,sale_under_offer,4,700000.0,"2023-10-31T15:01:19.061Z"
504898,"Flat 51, McDonald knoll, Bentleyview, W54 1LS",2019-05-27,3,54,sold,4,700000.0,"2023-11-01T14:23:30.204Z"
504898,Flat 51,2019-03-07,2,54,sold,4,700000.0,"2023-11-01T13:51:40.344Z"
504890,"1 Hayley stream, Port Joan, E01 5XZ",2018-01-04,1,53,sold,4,825000.0,"2023-11-01T08:19:51.101Z"
504868,"Studio 64, Parker harbors, Alanview, S33 1QJ",2017-11-06,1,52,sold,2,260000.0,"2023-10-31T15:53:54.951Z"
504865, Garyfurt,2021-01-03,4,48,sold,3,264500.0,"2023-11-02T13:44:33.747Z"
504865,"316 Raymond village",2020-07-06,2,48,sale_under_offer,3,264500.0,"2023-11-02T08:56:07.187Z"
504865,"316 Raymond village, Garyfurt, WF3 9QE",2020-12-15,1,48,sold,3,264500.0,"2023-11-02T13:20:55.039Z"
504865,"316 Raymond village, Garyfurt, WF3 9QE",2020-05-09,3,48,for_sale,3,264500.0,"2023-11-02T07:41:01.038Z"
502505,"709 Jill ridges, Port Terryview, CW2B 5HJ",2017-10-24,1,47,sold,0,139000.0,"2023-10-31T15:01:19.061Z"
502402,"245 Smith lodge, Mayside, N6J 5XW",2017-10-25,1,46,sold,4,465000.0,"2023-10-31T15:01:19.061Z"
498259,"3 Hammond stravenue, Port Brianhaven, N4 0XL",2018-01-09,1,45,sold,5,299950.0,"2023-11-01T08:19:51.101Z"
497515,"Studio 64g, Fowler forks, West Joshuatown, L0 3YG",2020-10-31,7,38,for_sale,2,250000.0,"2023-11-02T11:04:49.066Z"
497515,"Studio 64g, Fowler forks, West Joshuatown, L0 3YG",2020-10-31,3,38,for_sale,2,250000.0,"2023-11-01T21:38:42.963Z"
497515,"Studio 64g, Fowler forks, West Joshuatown, L0 3YG",2021-03-29,1,38,sold,2,250000.0,"2023-11-02T16:08:22.593Z"
497515,Studio 64g,2021-01-29,2,38,for_sale,2,250000.0,"2023-11-02T13:44:33.747Z"
497515, Fowler forks,2021-03-03,4,38,for_sale,2,250000.0,"2023-11-02T16:08:22.593Z"
497515,"Studio 64g, Fowler forks, West Joshuatown, L0 3YG",2020-09-07,6,38,for_sale,2,260000.0,"2023-11-02T10:23:54.537Z"
497515,"Studio 64g, Fowler forks, West Joshuatown, L0 3YG",2021-06-11,5,38,sold,2,250000.0,"2023-11-02T17:47:41.282Z"
494917,Flat 92,2021-07-09,2,35,sold,4,860000.0,"2023-11-02T23:10:06.647Z"
494917,"Flat 92, Lynne manor, Hoopermouth, W8 7SL",2021-06-20,1,35,for_sale,4,860000.0,"2023-11-02T17:47:41.282Z"
494917,"Flat 92, Lynne manor, Hoopermouth, W8 7SL",2022-01-05,3,35,sold,4,860000.0,"2023-11-03T09:59:58.983Z"
494892,"05 Naomi underpass, North Derek, W4 1DG",2021-07-10,6,24,sold,2,350000.0,"2023-11-02T23:10:06.647Z"
494892, North Derek,2021-07-02,4,24,for_sale,2,350000.0,"2023-11-02T23:10:06.647Z"
494892,"05 Naomi underpass, North Derek, W4 1DG",2022-01-06,11,24,sold,2,350000.0,"2023-11-03T09:59:58.983Z"
494892,"05 Naomi underpass, North Derek, W4 1DG",2020-10-10,3,24,for_sale,2,350000.0,"2023-11-02T11:04:49.066Z"
494892,"05 Naomi underpass, North Derek, W4 1DG",2021-02-19,9,24,for_sale,2,350000.0,"2023-11-02T13:58:40.497Z"
494892,"05 Naomi underpass, North Derek, W4 1DG",2020-10-10,10,24,for_sale,2,350000.0,"2023-11-01T21:38:42.963Z"
494892,"05 Naomi underpass, North Derek, W4 1DG",2019-08-05,8,24,for_sale,2,349950.0,"2023-11-01T15:39:16.418Z"
494892,"05 Naomi underpass, North Derek, W4 1DG",2019-07-30,1,24,for_sale,2,349950.0,"2023-11-01T15:19:55.926Z"
494892,"05 Naomi underpass, North Derek, W4 1DG",2019-05-22,5,24,for_sale,2,349950.0,"2023-11-01T14:23:30.204Z"
494892,"05 Naomi underpass",2019-10-22,2,24,for_sale,2,340000.0,"2023-11-01T16:57:21.964Z"
494892,"05 Naomi underpass, North Derek, W4 1DG",2019-08-07,7,24,for_sale,2,340000.0,"2023-11-01T15:39:16.418Z"
494887,Flat 40,2019-04-17,2,21,for_sale,3,389950.0,"2023-11-01T14:12:46.200Z"
494887,"Flat 40, Austin forge, West Sean, E4K 4TB",2019-11-18,3,21,sold,3,389950.0,"2023-11-01T17:37:34.255Z"
494887,"Flat 40, Austin forge, West Sean, E4K 4TB",2019-05-21,1,21,sold,3,389950.0,"2023-11-01T14:23:30.204Z"
487253,"776 Dale islands, New Zoebury, L31 0WD",2017-10-17,8,13,for_sale,3,650000.0,"2023-10-31T15:01:19.061Z"
487253,"776 Dale islands, New Zoebury, L31 0WD",2018-07-03,3,13,for_sale,3,650000.0,"2023-11-01T10:55:39.648Z"
487253,"776 Dale islands, New Zoebury, L31 0WD",2018-10-12,6,13,sold,3,650000.0,"2023-11-01T09:36:19.450Z"
487253,"776 Dale islands, New Zoebury, L31 0WD",2018-02-02,7,13,sale_under_offer,3,650000.0,"2023-11-01T09:51:57.900Z"
487253,"776 Dale islands, New Zoebury, L31 0WD",2018-07-04,1,13,sale_under_offer,3,650000.0,"2023-11-01T10:55:39.648Z"
487253,"776 Dale islands, New Zoebury, L31 0WD",2019-01-01,5,13,sold,3,650000.0,"2023-11-01T12:03:25.617Z"
487253,"776 Dale islands",2018-10-12,2,13,sold,3,650000.0,"2023-11-01T09:05:28.536Z"
487253, New Zoebury,2017-10-10,4,13,for_sale,3,700000.0,"2023-10-31T15:01:19.061Z"
487249,"6 Julia drive",2019-04-28,2,9,sold,7,1150000.0,"2023-11-01T14:12:46.200Z"
487249,"6 Julia drive, East Adammouth, WD9 5HY",2018-12-10,3,9,sold,7,1150000.0,"2023-11-01T11:50:53.979Z"
487249, East Adammouth,2018-07-05,4,9,for_sale,7,1150000.0,"2023-11-01T10:55:39.648Z"
487249,"6 Julia drive, East Adammouth, WD9 5HY",2018-09-24,1,9,sale_under_offer,7,1150000.0,"2023-11-01T11:27:58.879Z"
485935,"13 Allen road, Port Denisefort, CV96 0UJ",2019-12-05,1,6,sale_under_offer,4,1100000.0,"2023-11-01T18:28:56.956Z"
485935,"13 Allen road",2019-08-27,2,6,for_sale,4,1100000.0,"2023-11-01T15:39:16.418Z"
485935,"13 Allen road, Port Denisefort, CV96 0UJ",2020-03-05,3,6,sale_under_offer,4,1100000.0,"2023-11-01T22:13:55.526Z"
482702,"9 Rosemary forest, Petertown, KA2H 1YG",2019-11-05,1,1,for_sale,3,440000.0,"2023-11-01T17:37:34.255Z"
482702,"9 Rosemary forest",2018-11-01,2,1,sale_under_offer,3,440000.0,"2023-11-01T11:40:58.317Z"
482702,"9 Rosemary forest, Petertown, KA2H 1YG",2018-10-20,3,1,for_sale,3,440000.0,"2023-11-01T09:05:28.536Z"
482702,"9 Rosemary forest, Petertown, KA2H 1YG",2018-10-20,5,1,for_sale,3,440000.0,"2023-11-01T09:36:19.450Z"
482702, Petertown,2019-01-31,4,1,for_sale,3,440000.0,"2023-11-01T12:03:25.617Z"
